Submitted At,First Name,Last Name,Email,Age,Goals,Phone,Subject
2026-03-31T15:08:41.365Z,Joseph,Pergola,joseph.pergola@gmail.com,12,"Nicholas has been pitching in travel baseball for the past three years and has developed a solid foundation on the mound. Currently, his fastball sits around 55 mph, but we believe there is additional velocity to unlock through improved mechanics. At times, his delivery appears to limit his ability to fully transfer energy efficiently, which not only impacts his fastball velocity but also affects the consistency and effectiveness of his curveball.
We’re looking for a program like Armyard to help refine his mechanics, build proper sequencing, and improve overall arm efficiency. With the right guidance, we believe he can safely increase velocity, sharpen his breaking ball, and continue developing into a more complete and confident pitcher.",(646) 773-3923,New Inquiry from Joseph Pergola
2026-03-29T20:30:11.430Z,Alex,Wise,awise01@gmail.com,14,"I'm inquiring for my son, Tyler. His goal is to build his pitching stamina and velocity while learning to pay attention to and care for his arm to avoid injury.",(631) 766-5138,New Inquiry from Alex Wise
2026-03-25T21:47:36.333Z,matthew,ascher,mopoeon@gmail.com,20,testing testing testing 123,(516) 743-7675,New Inquiry from matthew ascher
2026-03-25T20:06:26.475Z,Andrew,Margolis,lzagari@aol.com,11,Hitting and pitching lessons,(631) 897-3370,New Inquiry from Andrew Margolis
2026-03-23T12:02:08.303Z,Brody,Flint,brody_flint@yahoo.com,13,"Asked some questions through tiktok. Said to reach out on here. Eas curious about my 13 year old and some remote trainings.How often you would meet. How long are the sessions? Is it a monthly subscription, longer? Cost?",(607) 382-0095,New Inquiry from Brody Flint
2026-03-21T02:12:56.665Z,Yosuel,Abreu,yosuelabruep@gmail.com,16,"Hello my name is Yosuel, I attend to Holy Trinity high school and play travel at B1 ghost , I been told great stuff about y'all program, I’m 6’4-5 been throwing not for too long has a pitcher, I’ll like to work on my mechanics and velo for my upcoming junior and senior year, my coaches told me if I work hard on that I’ll be a great player for the varsity team next year.",(518) 977-9149,New Inquiry from Yosuel Abreu
2026-03-16T19:53:59.860Z,Thomas,koerner,tj9koerner@gmail.com,13,"My son is a pitcher whos looking to add more velocity to his pitching.  Needs help with a strength program for youth pitchers.  

Right now he plays for B1 Ghost and Seaford Middle School.    

His main positions are Pitcher, 1st Base, 3rd Base, and sometimes Catcher",(516) 351-3791,New Inquiry from Thomas koerner
2026-03-15T11:43:03.995Z,April,Kortkamp,akortkamp1979@aol.com,14,"Hi there. I would like my son to work on consistency. He has a pretty good arm, throws hard, but not consistent. He needs a structured program to help him gain confidence and consistency.",(631) 379-3488,New Inquiry from April Kortkamp
